,Participant ID,Activity Slope La,Activity Slope Lw,Activity Slope Ra,Activity Slope Rw,Activity Slope Rwlw,Activity Slope Total
1,47,-0.37795106902766795,-0.5934394064772227,-0.6036347528556154,-0.7083849552434796,-0.3437564495765903,-2.029527490005042
2,48,-0.31948401468079024,-0.3301800972377274,-0.3812174817452754,-0.33160024924527576,-0.3440703758906821,-1.7065522187997504
3,49,-0.10997403912886439,-0.09474916849641403,-0.11797454392380033,-0.12177031431410704,-0.06936336019589101,-0.4784957098276913
4,50,,,,,,
5,52,-0.7639069746937779,-0.04409475092581886,-0.6067144700249625,-0.08458116699606916,-0.5308346503413232,-2.4551846936833295
6,53,-0.10280902714505716,-0.8218428888356962,-0.7460086527086476,-0.7586374798933242,-0.8304684517202157,-3.2597665003029404
7,54,-0.694785601491357,-0.3740709002231886,-0.508165981278853,-0.5895911117922108,-0.8633880355746627,-3.118249386899632
8,55,0.9984847834360608,0.6896040582076587,1.3031655179021848,-0.3895829851576659,-0.05529327260596546,-13.294552826702141
9,56,0.3902026386186064,1.599979440748814,0.27121213953178647,11.346008222619053,-3.0082148646884233,44.579808055009856
10,57,,,,,,
11,58,,,,,,
12,59,,,,,,
13,60,-0.25767180574506743,-0.849376744507683,-0.009990571185601604,-0.10513053006805025,-0.7013826931496925,-3.742537994366369
14,61,,,,,,
15,62,-0.7096881560427059,-1.5879589857940812,0.2557327416864465,-1.058627744416032,0.6442934344324299,3.051432311413595
16,63,,,,,,
17,65,-0.2641988651283514,-0.1654991495917242,-0.2823106207874331,-0.15530054994554132,0.04269853403940243,-0.8442652655849868
18,66,-0.29593027447097736,-0.07669441385054585,-0.30673929964350266,-0.24686589299568643,-0.33187090756259174,-0.8085158030999563
19,68,,,,,,
20,69,,,,,,
21,73,-2.150355539625722,-0.5074877919320622,-0.7239090729949846,-1.1041136100486448,-0.5957326649118713,-3.0213639360235063
22,75,-1.1354215653183062,0.39417883237475,0.6657986545988253,1.4802949590004368,2.0533503510003444,-12.401337707846416
23,76,,,,,,
24,77,,,,,,
25,79,,,,,,
26,82,-0.049151249278565304,-0.2385709110614456,-0.037328530351365526,-0.1910004695178604,-0.6175283777179147,-0.9960448493465547
27,83,,,,,,
28,84,-1.4799961802610913,-2.0692728205162743,-1.783270108334534,-1.9194648071484497,-1.0288625810368528,-8.280866497297195
29,85,-1.1396560458212561,-1.5527963939999028,-1.5141852602074124,-0.8213231262244622,-1.5580240797507934,-7.560374071680531
30,86,-0.13263765170978106,-0.6159639830281274,-0.07538762702694049,-0.6900386598385821,-0.8700293463573223,-3.0494157422269574
31,87,-0.26078398563540567,-0.009118175730664993,-0.18861929614495354,1.3294457394537003,-1.379108003876577,2.3649719569269765
32,89,,,,,,
33,90,-0.5650544366311617,-0.5635719578865321,-0.7252871319450952,-0.5075108254766666,-0.1556429647814049,-3.0445046488662397
34,91,,,,,,
35,92,,,,,,
36,95,0.36869915858491664,0.015541497949694895,0.5960744413623363,-0.0027358349425172183,0.7011136716309652,1.6786929345853785
37,96,,,,,,
38,98,-0.6233614995193212,-1.5883489653827407,-1.12003764867954,-1.7105371884366727,-0.588192532885457,-5.6304778349037194
39,99,,,,,,
40,101,-0.7707151335897996,-0.22633453164343906,-0.8453439909510183,-0.2046461232769856,0.07500502412749759,-2.102421605183226
41,102,0.011882847583090364,-0.38799715765201814,0.07329706568046392,-0.08804474674643437,-0.368515670596005,-0.907100858111311
42,103,,,,,,
43,104,-0.23440369177509213,-0.9651521922161841,-0.3103552321352821,-0.7085359878606907,-1.2491177828139557,-3.5543737417456205
44,105,,,,,,
45,106,-0.11686225108844553,0.026642124322025736,-0.049631079410241974,0.0407722732819354,-0.04014830735761121,-0.1392272402523378
46,108,-0.28806793481482795,-0.6216906187720264,-0.24568474047373765,-0.4974442347122121,0.1170019081321584,-1.5440163153097175
47,116,-3.4929977532265215,-2.065062255361301,-3.868286822031938,-2.1323332818156255,-4.140846299937255,-15.699526412372657
48,118,,,,,,
49,119,-0.5264427609936319,-0.4162802712779347,-0.7823948537596228,-0.8223619766052664,-0.05525696622934396,-2.501758108619957
50,121,,,,,,
51,124,,,,,,
52,126,-0.044691875496143556,-0.112480510284825,-0.007525430279902694,-0.07110251178138322,-0.038353218080603366,-0.2697722332326324
53,128,-0.07825132000040246,-0.38352125230571843,-0.015426574207183916,-0.229436091880859,-0.0394675198123873,-0.7461027582065526
54,129,-0.08326233630898412,-0.09652846580778861,-0.0660580939613161,-0.12453556734274855,0.21215771376567608,-0.06404051686831226
55,130,-0.040798286227359676,-0.18926010847927818,-0.0638768668596445,-0.08081161110316626,-0.004467257519170497,-0.3999826095831532
56,131,-0.3581831269847267,-0.29048726350083076,-0.3378465633088359,-0.24987052951503358,-0.3257300259441273,-1.5621175092535537
57,135,-0.06671036285340703,-0.04994883934245825,-0.01644216295984878,-0.07769656858721097,-0.10216698444012413,-0.5124057486584103
58,136,-1.5202677326005885,-0.6790922658953938,-1.553338061770252,-1.3032140394902398,-1.6564034499642002,-6.712315549720668
59,137,-0.11852052365698781,-0.6726908386629167,-0.15770190436583362,-0.809470459098271,-1.0771119718689988,-2.8354956976530077
60,138,,,,,,
61,139,0.017239984315497305,-0.24172522708798325,-0.017165867348659446,-0.13331506533165763,0.11773157138813567,-0.257234604064662
62,142,,,,,,
63,143,,,,,,
64,144,,,,,,
65,145,,,,,,
66,146,0.6676613913501485,0.15498830906551536,2.073642192022263,0.18243560137780862,0.999427380342749,4.0781548741584706
67,147,0,0,0,0,0,0
68,148,0.2361955124044232,0.10354297644775037,0.09968316033113268,0.08854616411935043,0.18733619718719802,1.0058989218370853
69,149,,,,,,
70,150,-0.02500660340949809,-0.017032351612591413,-0.02650862529599995,0.03002282729539639,-0.012897901648970178,-0.04626698481168206
71,151,0.8602693715535137,-0.20007966342613642,0.8843301515973191,-0.09856045804899585,0.3370991533665547,1.7830585550422315
72,153,-0.2720078198275171,-0.8123167736634943,-0.2872539831852694,-0.8853563472038887,-0.9643588217634799,-3.2595276218500984
73,154,2.993329455692665,0.4560254848805049,0.9997531016888301,1.379232555562934,1.3940446711003802,7.222385268925406
74,159,,,,,,
75,161,,,,,,
76,162,-0.06633010390385742,-0.8583045945861055,-0.052534799952034826,-1.122677166155416,-1.236738386976166,-3.3365850515735955
77,163,-0.17368826425663736,-0.12795496976899395,-0.8435603860527843,-0.210967859385024,-0.18799680048143266,-1.544168279944869
78,164,0,0,0,0,0,0
79,166,-0.1282633922896132,-0.525249717223906,-0.23995993587464126,-0.5143943707447586,-0.37090674294040205,-1.7787741590733201
80,167,,,,,,
81,168,,,,,,
82,169,1.032367496727039,0.8523374205164651,0.8294517493512554,1.1580669470188358,1.7734471690699878,5.645670782683579
83,171,0.06358567859843295,-0.27343208471578034,-0.010943727860234854,-0.3090922182840665,-0.27330025428612875,-0.3988306756843781
84,172,0.30662124956063164,0.7273756832808721,-0.2659190327319557,-0.001619190753364318,-0.3112224322365631,0.45523627711962256
85,175,0.002485762066771833,-0.4119504419772699,0.1465494886177577,-0.32622670857036434,-1.7007718707008035,-5.079756280504895
86,176,,,,,,
87,178,-1.0311508958257698,-0.5513823933063304,-0.8384002305252788,-0.6069201021031423,-0.27628278399431627,-3.3041364057548437
88,180,-0.37165568998451876,0.19628984390956908,-0.34700263192501163,0.22472040274672342,-0.1183846201750792,-0.4160326954283016
89,181,,,,,,
90,182,,,,,,
91,183,,,,,,
92,185,,,,,,
93,186,-1.2639935394526747,-1.0001215518385507,-0.6725794805613777,-0.8488894737848598,-1.6312975963383396,-5.416881641975825
94,187,,,,,,
95,188,1.056541620549735,-0.6909716386554626,1.454526107191376,-0.45188283462099144,,
96,189,-0.052097125642330086,-0.11235223346046214,-0.05562947279811715,-0.15579611542899266,-0.10234460399843602,-0.47078335985178205
97,190,,,,,,
98,194,,,,,,
99,195,,,,,,
100,196,,,,,,
101,197,,,,,,
102,198,-1.5333680034699728,-0.2989515035197723,-1.2008245426723905,-0.3718049383856595,-0.08169259992152546,-3.2877268478006907
103,199,0.5731897568303265,-0.42617535591334627,0.607789927858937,-0.3922054501140951,0.20621395329274678,-3.1339096167495013
104,200,-0.0861413995046484,0.008514483367159879,-0.08566952448237711,0.008959524592543207,-0.028414110100504632,-0.18275102612782726
105,201,-0.07690804158350284,0.1508839034848239,0.06762475690804551,0.07330928028325705,0.21569253440878133,0.4306024335014042
106,202,0.24182020789338474,-0.18614345641318472,0.4874619770938828,-0.3495244977426989,0.2315591663812778,0.42517339721265796
107,203,,,,,,
108,205,-0.5544515068540186,-0.7016041157766654,-0.1478731721551861,-0.7938016634268196,-0.6289264032975036,-2.8266568615101932
109,206,,,,,,
110,207,-0.24271334952630672,-0.07350039645062956,-0.23970967696672502,0.010080324564070573,-0.07943076785780351,-0.4518018897248821
111,208,-0.04320897798027792,-0.06257278074858105,-0.06118604464481327,-0.023962526921267685,-0.0055633193835066125,-0.25223115539716445
112,210,-0.654416859715194,0.06604008479592667,-2.526140318529073,0.19211191258692137,1.341061016729888,-1.5813441641315462
113,212,0.1317838986968943,0.5889523502949892,-0.037483823051448296,0.3743855185168068,0.7848829089149684,1.8425208533722182
114,214,0.5433209050238103,0.4087989154087064,0.5904244240161919,0.5746686937678883,-0.12031726521872141,1.9968956729978635
115,215,,,,,,
116,216,-0.36123388555229985,-0.15335467905490702,-0.4104860614280683,-0.2947279901723549,0.06823306965298072,3.910620457671882E-5
117,217,-0.2521338752667261,-0.1743953668593284,-0.29790817085301474,-0.1926079878649624,-0.11618499152414385,-0.8969275104362469
118,219,0.11536974164816438,-0.06771597699302384,0.10245793006688546,-0.011122552362724083,0.1627772884791751,0.3458455553184127
119,221,,,,,,
120,222,0.3839431237456915,0.8847627765842042,-0.9140213041154638,0.06761045814312219,0.45924520339307456,0.8815402577506384
121,223,-0.4854336623473974,-0.3385826945719235,-0.19473120313612063,-0.47176864079566266,-0.7143207620345495,-3.250068436579529
122,224,,,,,,
123,225,0.1206275074460081,0.04495863476256438,0.08026190908010347,0.07465373034948825,0.1734152921006877,0.5215406464119249
124,230,1.1719050466276428,-0.029891067456582873,0.861052100935077,-0.283743962917777,1.358844580324007,5.626105790822088
125,231,,,,,,
126,232,,,,,,
127,233,-2.3558344260722217,-0.8242301124294698,-1.6874920961903972,-0.7018675751909644,-1.5583239698313545,-7.127748179714399
128,236,0.01144282614445888,-0.0445134470085871,0.007789021392356268,-0.054809510621133255,-0.01768821148395165,-0.11304623630395971
129,237,-0.12965147165626292,-0.27656556903288365,-0.03011755637833714,-0.22449215194116834,0.27274200025228224,-1.243819849774146
130,239,,,,,,
131,240,-0.2316168433842478,-0.10549082959439297,-0.2826325792565495,-0.22364244497960847,-0.17971153870392706,-0.8384351052836222
132,241,,,,,,
133,242,,,,,,
134,243,,,,,,
135,245,2.044873166884585,0.6834001260189281,2.2450813804381604,0.8417126365392146,0.3250939567239378,6.14016126660484
136,247,,,,,,
137,248,,,,,,
138,249,-0.5017418631340752,-0.6487575407555111,-0.4219435949464705,-0.6409912096867164,-0.4750193745582837,-1.3195088390860474
139,250,0.2501597740352161,0.01639422775047762,0.23421618041672065,0.015299373955733216,-0.09371443233391756,0.42235512382422763
140,251,-0.32798252860267685,0.15443428229778497,-0.06792347277114694,0.4808467812122517,0.0750665070795449,0.3144415692157692
141,253,,,,,,
142,256,-3.1805052094907933,0.333654081233705,2.4646583404805025,0.621114802851691,1.5513723950281735,1.7902944101032021
143,257,,,,,,
144,258,0.19258998445396963,-2.1552663810603146E-4,-0.09457362077225881,0.1003678654976133,-0.1394259649730971,0.05874273756813595
145,259,-5.286154672138079,-1.6837957311784342,-5.688074062916086,-2.289012892145465,-0.9182668002685089,-11.101411344738148
146,260,,,,,,
147,263,0.42595266951956995,0.16684537841114688,1.383487609215363,0.5942214598546914,2.0946713462258355,10.119767028292374
148,264,-0.5946545936561556,-0.5643242474065499,-0.7943819892112138,-0.11755677964284912,-0.5729710108013287,-2.6438886207181373
149,265,,,,,,
150,266,,,,,,
151,267,0.4048479296229415,0.16872697354201133,0.6084771934169559,-0.03541888673723122,-0.45737749774397,0.6892557121006964
152,268,,,,,,
153,269,0.5116666500829384,0.32746305603062886,1.775942316938896,0.4437254479691738,0.2632653359594822,3.3220628069811164
154,270,0.4957511832310594,0.34831488211033956,-0.3258656936205073,0.7856094254969997,0.984386917406661,2.288196714624564
155,272,0.358634324389897,0.3984732353417761,0.9959223755838269,1.2139372879600634,-0.011434239358344677,2.9555329839172284
156,273,0.24195178012562557,-0.031268505283776116,0.3939572407315927,4.475398341396325E-5,0.6678786958903378,1.2725639654471996
157,274,,,,,,
158,275,,,,,,
159,277,,,,,,
160,278,-0.03476797675142155,-0.08593645382174123,-0.03311965818448151,-0.07496185205505225,-0.06146257716385102,-0.29024851797655005
161,280,0,0,0,0,0,0
162,285,-0.689201831200113,-0.8037971687781845,-0.6323985470188369,-0.640223051621229,-0.8507557158474376,-3.616376314465796
163,286,,,,,,
164,287,-1.717669596144248,-0.6481830640791801,0.40954589410379205,-0.014415084688507945,-0.8755734436994933,-2.8462952945076787
165,288,,,,,,
166,289,,,,,,
167,291,-0.13055813026507818,0.821374437476706,0.23464706583531056,0.08545303418355463,-1.07725218764049,-0.06633578040997458
168,292,1.2249363241271443,1.7911606161869404,-0.3396958077017543,1.132525871464776,0.7863584204546384,4.595285424531725
169,293,-0.001787344355926275,-0.02256513116509454,0.0019040376969902328,-0.02985296062211211,-0.09774266444327737,-0.1520527061849524
170,294,-0.6620366861811855,-0.11789551142406633,-0.4217407716990526,0.006903565923053395,-0.14641259210945712,-1.3411819954907147
171,296,0.26504279874127334,1.1559267258451582,0.35575162593582,1.3246404452835288,-0.022576181072909193,3.078785414732857
172,297,,,,,,
173,298,,,,,,
174,299,,,,,,
175,300,-0.6969985674502055,-0.5709836639644328,-0.8756231220328826,-0.6165724874630953,-0.934674132399392,-3.694851973309988
176,301,,,,,,
177,303,,,,,,
178,304,,,,,,
179,305,,,,,,
180,306,-0.1551282172212965,-0.11232101143301798,0.07195807763996147,-0.06918038677763066,-0.1346948902495046,-2.7882036893854685
181,308,,,,,,
182,310,,,,,,
183,312,-3.5878424867760343,-7.597432334586298,0.34053260588509077,0.16318219134819878,-19.567154587184977,-30.248714611314053
184,319,-0.1736129010527059,-0.39695622787799817,-0.5389078993793733,-0.5092103971694557,-0.12664371514744974,-3.0140186641110245
185,321,-0.08624780013696409,-0.08322451607377201,-0.08186556077979523,-0.08825953340682641,-0.06505767271237091,-0.4046550831097294
186,322,0.24350650982358668,0.08188162356554864,1.3071701128972233,-0.38961262259985624,-6.013617488380439,-21.775248703070815
187,324,-0.09182445736961425,-0.3793744926271205,-0.015475106007001619,-0.33915868630857643,-0.22259470318318833,-1.048427445495505
188,325,-0.3313310607080586,-2.714510428647467,-0.9163963313091825,-2.756345638727732,0.22052998299620488,-6.4980534763962305
189,326,-0.484975439165648,-0.5094549864465924,-0.5507341781854205,-0.5026521569636673,-0.41271227599302074,-2.5484927410267546
190,327,1.4199460891460123,0.1287419175852478,2.147752272085274,0.5234106717131284,,
191,328,1.520943670909136,0.0419130864792602,1.7662050141043915,0.37645707888880675,2.611494254362503,6.3170131047441345
192,329,-0.21970691056458463,-0.15659725135691097,0.6414927496080927,-0.1864457280239971,-0.7795210273835641,-0.7007781677209688
193,330,,,,,,
194,331,,,,,,
195,332,,,,,,
196,333,-0.20909610926350353,-0.07726560212403985,-0.5367843477907512,-0.09848930944546556,-0.2025236073269243,-1.6663205269716947
197,334,3.6642713716604622,1.7864348937900953,4.975820510677677,2.143209320914655,0.11567132058695054,12.68540741762984
198,335,0.4182292865994688,-0.1481619041471151,0.4075683738935876,-0.1692051085342197,-0.09995392746702615,0.5195863638250633
199,336,2.4867189385385235,0.4607201250134488,2.08443855036197,0.18412278315877975,0.6943425919385026,5.910342989011153
200,337,-0.025839301532245795,-0.022594050117461635,-0.061036723242613444,0.031115911273602536,-0.03770279503635279,-0.15640733449270144
201,338,,,,,,
202,343,-0.619322450397582,-0.5917431924665658,-1.1761036302764192,-0.4350497053225776,-3.8915691672534014,-6.713788145716526
203,344,,,,,,
204,345,,,,,,
205,346,-2.6424495044138614,-0.4131613247169651,-1.0059764587436217,0.29468690380960494,-0.37759165637594133,-4.144492040440816
206,347,-1.2563770077338967,0.015787143796852584,0.39455068045425074,-0.18601138741014725,-0.6710428799936123,-1.703093450886558
207,349,-0.5461374647575165,-0.7953445056481347,-0.4525207891512454,-0.6627208309960112,-0.5756408630522439,-3.2975338543556
208,350,2.0809914454415352,0.04455426190067327,-0.1547958267081564,-1.9207765716779654,-1.6256596666419172,-1.5756863576858444
209,352,,,,,,
210,353,,,,,,
211,354,0.05585345747132932,-0.07265749912011381,0.027344829476349506,-0.12303024764951445,0.22826292608594875,0.11577346626400307
212,355,-0.28921665450031536,-0.30155485191314496,-0.4274393351570636,-0.39952246020399795,-0.522438112626104,-1.96096345119491
213,356,,,,,,
214,357,,,,,,
215,358,0,0,0,0,0,0
216,359,,,,,,
217,360,,,,,,
218,361,,,,,,
219,362,0.664016456183333,-0.23454073136283288,0.17143719527596193,-0.2007970274520705,0.015432816426940417,0.41554870907134367
220,363,0.20332570045854031,-0.19076585596204837,0.2036811212862921,-0.10369984214588018,0.06923317280458366,0.18177429644148616
221,364,-0.6569261433439966,-0.9504464303048852,-0.4050633055751658,-0.3831162964318551,-0.431381358992399,-2.8269335346483095
222,366,,,,,,
223,367,0.006184361348913264,-0.021824440541661997,0.007622699942426304,0.002319146173169716,0.06266146154247978,0.07035966991965549
224,368,,,,,,
225,370,,,,,,
226,371,,,,,,
227,372,-0.1863088298263102,-0.19545575342416283,-0.20270246465940572,-0.24167462228251285,-0.06142737659395877,-0.8996988515920831
228,374,,,,,,
229,375,0.6838885989914346,0.8192308147158983,0.2498740898821758,-0.18065200286573752,-0.5248429554374598,1.0474985452863033
230,376,-0.6356713342098413,-0.1717110155107813,0.2937002443474212,-0.19987084583674533,0.976383902832233,5.487872468907201
231,377,,,,,,
232,378,-0.012521543216443703,-0.050221089465174264,-0.002910932306400821,-0.09813454743710565,-0.09255264109777878,-0.2563407535229035
233,379,,,,,,
234,380,-2.447057439459307,-5.343139745653868,-7.477248084072382,-3.6938064853597092,1.3392567476986228,-17.621995006846596
235,381,,,,,,
236,382,,,,,,
237,383,-0.4736566113524979,-0.8988193833855033,-0.3288914949507844,-0.9591893403513773,-0.9403709326992302,-4.174956343670371
238,384,-0.757485974733554,-0.6976719419720294,-0.8474016041512884,-0.7004707539563041,-0.22742209490143203,-3.230452369714609
239,385,,,,,,
240,386,,,,,,
241,387,0.10125667566372329,0.29954000680302834,0.15245303104269342,0.25961091998907104,0.2451695546930248,1.058030188191539
242,388,-0.1205047449404438,-0.18549234060078676,-0.01932151447315108,-0.3463804979957287,-0.12199144904584662,-0.7936905470559591
243,391,-0.21277662045930867,-0.10352114730728386,-0.08525193902810169,-0.21118074748220955,-0.08738280161264043,-0.7001132558895485
244,392,,,,,,
245,393,,,,,,
246,394,0.07636802355633646,0.051848955526164815,0.10666238672077401,0.03519257116160405,0.08346387407011795,0.35353581103499726
247,395,,,,,,
248,396,0.553293239100579,-0.9126074409443643,0.5863804600674424,-0.8075180408274271,-0.09852902431368558,-0.6789808069174533
249,398,0.499836848997253,-0.21570162301294687,0.9102745303389695,0.572409242496276,0.39954360429576563,2.1663626031153136
250,399,0.4321459918860346,-0.12594706464755856,0.5267543020084192,-0.10573010684232552,0.7794473334113017,1.5066704558158692
251,400,0.018280195254728165,-0.20426817193743194,0.024210145829951433,-0.18389021193995436,-0.009485294188832757,-0.35515333698153967
252,401,0.372089517388901,0.3888030062116014,0.47067812208173526,0.5097863362708436,-0.03806020507989866,1.7032967768731837
253,402,0.4863704104611405,0.8135961769058498,0.6840745675565028,0.7798876236290456,-0.45525342710472033,2.3086753514478167
254,403,,,,,,
255,404,,,,,,
256,407,0,0,0,0,0,0
257,408,,,,,,
258,410,,,,,,
259,411,-0.3121447143752361,-0.26472654379916344,-0.3528783494333774,-0.2659287856579946,-0.35078803132190767,-1.5697034810824477
260,412,,,,,,
261,413,,,,,,
262,417,-0.46394992014348674,-0.252401972685248,-0.08695050902345877,0.0612686681226919,-0.2284949397944038,-0.9699043220378297
263,418,,,,,,
264,421,,,,,,
265,422,,,,,,
266,423,-0.06545299126931796,-0.24488346816783396,-0.1459270448331344,-0.23455563753342293,-0.14152916619159198,-0.6917283740753977
267,424,-0.380707851029641,-0.1781894635754989,-0.4037961557584856,-0.30194586647022087,-0.18694359592681845,-3.591428079240327
268,425,,,,,,
269,426,-0.8165302915698647,-1.4428719868906559,-0.38837867341778265,-0.647107760667604,-0.6072007034360172,-5.31469669181957
270,427,0,0,0,0,0,0
271,428,,,,,,
272,430,-6.934377619837565,-0.0909345326180964,-3.352091557298127,-0.0426696476363436,2.2041194438425813,-8.215953913547468
273,431,0.16950222585215316,-0.3164656443019115,0.1000336703574432,-0.505060292022174,-0.39866895361034965,-0.9506589937248406
274,432,1.9966448202963596,2.4386870540803804,0.8066142849573401,3.869197167079917,4.1016491687469605,13.212792495161032
275,434,-0.7848025557737802,0,-0.6218770921754343,0,,
276,435,,,,,,
277,437,,,,,,
278,438,0.2185312715430157,-0.11133965614710752,0.21662762319602458,-0.06656266787483502,0.5135096041100905,0.7707661748271979
279,440,,,,,,
280,443,0.020183078054486617,-0.08675310033011267,0.016042359227979495,-0.022348578479964323,-0.08131129553108105,-0.15418753705869254
281,444,-0.742634638965208,,-0.8339542330294368,,-1.7416654703468004,
282,446,0,0,0,0,0,0
283,447,-0.3495349278505356,-0.27352577674475487,-0.3468958228077817,-0.25044654685222534,-0.24571059095952966,-1.4560474409645792
284,448,0,0,0,0,0,0
285,451,-0.057953766386710515,-0.1482206494513559,0.13996915794469508,-0.346443475063384,0.02583603902834604,-0.3868126939284085
286,452,0.8511890791536261,-0.2664134444858528,0.8034372763035336,-0.48045634875849297,-0.6132881360780443,0.2944684261347682
287,453,0.011992152003003392,-0.1057443974482854,0.037187122651538514,-0.1421327821701786,-0.2551640899486819,-0.4538619949126056
288,454,-0.1064620860246277,0.11519537876218673,-0.5116264735418473,0.007345230704764009,-0.17948801279074314,-0.6750359628902772
289,455,-0.3151529103556788,-0.021598896401652683,-0.2403990006912593,-0.09636873845827217,-0.5687445575314652,-1.2422641034383235
290,456,1.11667627809965,-4.320559139784958,-2.4183382754011715,-9.268608642341762,-4.33878074694003,-19.22961052636824
291,457,,,,,,
292,458,0.2071286258940104,-6.189302601627197E-4,0.2851920444770107,-0.029840811005809893,0.4222716627091606,0.8754194409658409
293,461,0.28107281122138167,-0.11201298950327054,0.3312210055253266,-0.10468555307855151,-0.43725880095897923,-0.04166352679408635
294,462,-0.8800304503426092,-0.2126938090668443,-0.7040175052488679,-0.693149911353416,-0.684977416915704,-3.7180338950735217
295,466,0,0,0,0,0,0
296,468,1.3284525032124563,0.607455842986286,1.4426455131126181,0.49263827144981653,1.7390791123192857,6.733552305887466
297,471,0.6614118486382488,-0.18379638943135215,0.4472930497584912,-0.3141277432460292,1.0681156546391806,5.2039734117985565
298,473,0,0,0,0,0,0
299,475,-0.18772909701995502,-0.34651401562360284,-0.25103052769375434,-0.4359116885082089,-0.104501820094538,-1.0953045060345188
300,477,-0.1924419259868807,-0.44478383900636964,0.1077529444133949,-0.4952993209078008,-0.17513432179373728,-1.1104951733639186
301,478,,,,,,
302,479,-0.8960484705873345,-1.6938042343459438,-0.4048900518377532,-1.6313965294406776,-1.670590601195067,-6.434666119540977
303,480,0.8279384318618898,-0.3685092538735082,-0.050209722081116605,0.40442996773508405,1.0953698460336811,1.9090192696760224
304,481,-0.7100146409000623,-1.7603422078847604,-0.8744143512415077,-1.0927796491778459,-1.2677949402016964,-5.705345789405879
305,482,-0.6983611399007623,-0.2813242505230348,-0.5729080284584308,-0.5167941560036482,-1.044515897052027,-3.113903471937899
306,483,,,,,,
307,484,-0.6676216926776865,-0.1889175671487341,-0.3980284441678074,0.11108540248624713,0.6005925957762034,-0.5428897057317731
308,485,-0.2765368505132878,-0.42802937971352234,-0.2628329240403889,-0.47231155261311464,-0.7914326988667779,-2.8471540438014236
309,486,-1.8875097265761167,0.8330429774737579,-3.076429989945436,-2.116005536229623,9.35898330103494,38.68029404062929
310,487,-0.04091115722243175,-0.34148766204409275,0.148675186301772,-0.46356323278668393,0.05267514278701629,-0.644611722964419
311,488,-0.8819570806832914,-0.6571264529725752,-0.8562063521606782,-0.5185943605054291,-0.6336098837175693,-3.819159964388728
312,489,-0.20482707180750204,-0.255872336285575,-0.19137936052722113,-0.21947838322739918,-0.29206988313378657,-1.165606154968832
313,490,0,0,0,0,0,0
314,492,-0.12887153148365915,-0.03597800806032386,-0.6008239918102339,-0.11331685091456303,1.5025007237774923,0.623510341508716
315,493,-0.07559651349543257,-0.0887352493565752,-0.062035222882294384,-0.1152631791527577,0.015797190978104406,-0.31331345208509487
316,494,0,0,0,0,0,0
317,497,-0.8475710625994529,-0.4382141718326083,-0.7901789792494552,-0.4494497569721549,-0.30935984013262463,-2.8347738107862956
318,499,-1.1209194194145482,-1.4156645311039289,-1.2244827956526028,-1.3019820667529716,-0.8466199295058046,-5.909668742429846
319,501,-0.7736256567002748,-0.9253252097227422,-0.8516812990828437,-1.2645554535352794,-0.5335104345408006,-3.394451138768469
320,502,-0.31070081316589154,-0.19080624295585705,-0.45866128532247336,-0.2697134859901517,-0.5465742702657118,-1.879808837893225
321,503,-0.17930366667000006,-0.16180513681627864,-0.21857298400741929,-0.1513482019800551,-0.08442826997468941,-0.7349494541098421
322,504,0.36531892090349716,-2.9947766821345874,0.911139151917245,-0.8178942490837856,-2.9667551896259994,-14.262716481689624
323,505,1.19273961263679,0.07453318854049092,1.3617953412836428,0.3466629357258626,-0.009320090427998981,2.966410987758752
324,507,0.13005427937302033,-0.3196657534811004,0.18310325813930162,-0.28289652446182995,-0.1352465261557981,-0.3878622239662904
325,508,-1.3393632442036825,-0.5311775715307397,-0.7177284099107258,-0.37847962647378625,-1.4223351596680975,-5.072978031672381
326,510,-1.349182629684763,-0.5046903184005689,-1.5837974859702086,-0.36429830876913954,-0.6308786549834124,-4.38881888657963
327,513,0.044381143759331096,-0.014535935973778552,-0.031101787133998034,0.0650915477526996,0.20924605879996908,0.27308102720421934
328,515,-0.8771881984784166,0.014799117201282337,-0.6133286128296497,0.02396347394809505,-0.06600401382826489,-1.5177582339869522
329,516,,,,,,
330,517,-0.541910651696574,2.1404862542444455E-5,-0.30786659715957987,0.5726861559331984,0.30682312209144236,1.636237355862862
331,518,0.47082683499245626,-0.0604364185748811,0.6782517011294613,-0.1546990150800492,0.12156790252095273,1.0555110049879342
332,519,,,,,,
333,520,,,,,,
334,521,,-2.8066372227332184,-3.16642417093991,-2.3565644787463667,-3.1834100656765214,
335,522,3.2075836933408617,0.1856646744894612,3.3687519941181305,0.5434865311267486,1.0729299007894246,11.547753851500477
336,523,0.8527752282998771,0.7343123917700106,1.3917969509675365,0.36161483331593813,0.49678425776451945,3.837283662117893
337,524,-0.42847711253067505,-0.4785582748024678,-0.5969581628084796,-0.36786049640351925,-0.19865813714269295,-2.070512183687841
338,525,0.20129113580077393,-0.04412388611128166,0.9215160763733056,-0.41300599056476034,0.15473904522269227,0.8204163807207385
339,526,-1.3521357485683472,-0.8803389061175408,-1.3716821644593036,0.4959997492457568,0.3581167036448959,-2.7500403662545723
340,527,2.0557445047776777,0.9813081731552424,1.0352999870600617,1.4611786692857132,1.0210702791182718,6.554601613396948
341,529,,,,,,
342,530,-0.8051958688791414,-0.31439466166917357,-0.686245437538632,-0.46675564704805234,-0.34352865932618715,-2.616120274461186
343,531,-0.127637822613681,0.07106739101049031,-0.1508676521981237,-0.20113307514883116,0.3526019561110948,0.30578033523980247
344,532,2.070777190483046,1.4186296924961985,2.424787591449263,1.280588229879207,10.061640214367094,75.28594234046454
345,533,,,,,,
346,536,0,0,0,0,0,0
347,537,0,0,0,0,0,0
348,538,-1.2002903196627894,-1.7787556484813372,-1.7192450460255555,-1.4549141569061488,-0.7606541452320199,-6.913859316307857
349,539,-0.2517722993267657,-0.12681174893205158,-0.21766813742650085,-0.03765415568375004,-0.9256151776911894,-1.559521519060277
350,540,-1.6471560609558205,-0.3225371080942096,-1.8718093737525219,-0.5067760424515602,-0.391493565838773,-4.794948349882716
351,541,0.05200540956472022,0.20293648617142082,0.15428512864745075,0.20683736910567116,0.015548491742695864,0.6316128852319572
352,542,,,,,,
353,543,-0.24278412308028985,-0.2248569728499105,-0.34933672391883985,-0.23139215495769178,-0.2902362733661541,-1.3386062481728793
354,544,,,,,,
355,545,-2.0988327699710516,-1.2998502361544275,-1.8134734029600628,-1.114466582886166,-0.16711756438317155,-6.493740556354902
356,546,-0.13359424825203053,-0.015495245817898125,-0.11585063319789407,-0.019996668665224097,-0.019894970823859267,-0.23157030272121817
357,547,0,0,0,0,0,0
358,548,-0.31870882670016265,-0.20806086879559216,-0.2909549355455791,-0.1338928522585683,0.14390287105350189,-1.0288962686050513
359,549,-0.5046291383029795,-1.3447035134419947,-0.5340634877935843,-0.90914282366756,-0.2929470921331809,-3.585486055339317
360,550,-0.6525395148562637,-0.05709713597641716,-0.3461062355877684,0.41300645851362966,0.6273172528806126,-0.015419175026226539
361,551,0,0,0,0,0,0
362,552,-0.4087571641554368,-1.104607070539382,-0.6642333443431151,-2.09372714137839,-0.9606902460209877,-5.232014966437308
363,556,-0.23721835796589585,-0.9021729452650431,-0.4928494431134135,-0.44511513456558,-0.6600312488717945,-2.7248648170539482
364,557,-0.1120474634472405,-0.06612680295921954,-0.16114252097801082,-0.1089770173293216,-0.19401433126444637,-0.5630217487545053
365,558,-0.3551793520673999,-0.2082883523256682,-0.38555856602724903,-0.1921394064278704,-0.3241557933377258,-1.4653214701859139
366,559,-0.41662277639863743,-0.7232473792501136,-0.47930543823415506,-0.6287373295906907,-0.6855768447317664,-2.933489768205362
367,564,,,,,,
368,565,,,,,,
369,567,,,,,,
370,569,-0.1508890076132802,-0.16436617840912895,-0.5482127966308115,-0.24116547528844945,0.4907041835535823,-0.6139292743880812
371,571,0.03984325044932266,-0.021026146058341216,0.0381065837668255,-0.009224882669030446,-0.025786206127309568,0.07104703411763395
372,572,,,,,,
373,573,,,,,,
374,574,,,,,,
375,575,,,,,,
376,576,,,,,,
377,578,,,,,,
378,579,,,,,,
379,580,,,,,,
380,581,0.10082405440153597,-0.18258449827522794,0.09392937669572811,-0.20260179770750258,0.28266142826818447,-0.671932336512879
381,582,,,,,,
382,583,,,,,,
383,584,,,,,,
384,586,,,,,,
385,587,,,,,,
386,589,-0.05765412173672181,-0.07117068957223753,-0.06154782197756487,-0.07143557403394621,-0.12451634889475069,-0.4029387508836637
387,592,,,,,,
388,593,,,,,,
389,595,,,,,,
390,596,,,,,,
391,598,,,,,,
392,599,,,,,,
393,603,,,,,,
394,604,,,,,,
395,606,,,,,,
396,608,,,,,,
397,609,,,,,,
398,610,,,,,,
399,611,,,,,,
400,616,-0.15528678941576513,-0.6040929383452951,0.02318251710512111,-0.32978984205256423,-0.31344512124832935,-1.3794321739568207
401,619,,,,,,
402,624,,,,,,
403,626,,,,,,
404,627,,,,,,
405,628,,,,,,
406,630,-2.2435246673614846,-1.250466037255354,-2.063897362215259,-1.1444268718573292,-0.2929279381693895,-6.995242876858791
407,631,,,,,,
408,632,,,,,,
409,633,-2.0020019638533264,-1.2848752691266498,0.7431375087527631,-0.09639985559408905,1.7815856646950607,-0.8585539151262731
410,635,0.5223515561165462,0.1353965118312508,0.3995291607006128,0.17465872537518706,-0.1368752990560288,1.0950606549675648
411,636,,,,,,
412,637,,,,,,
413,639,,,,,,
414,640,,,,,,
415,641,,,,,,
416,642,-0.37387410691719586,-0.2827870951571814,-0.4507731998330562,-0.013771735187745613,-1.0148240193178228,-2.136030156412979
417,643,,,,,,
418,645,,,,,,
419,647,,,,,,
420,648,,,,,,
421,651,-0.8802290344847382,-0.7991104516336656,-0.34959893154834937,-1.7551028137961067,-0.7077528460102653,-4.491794077473149
422,652,,,,,,
423,654,,,,,,
424,655,,,,,,
425,659,,,,,,
426,661,,,,,,
427,663,,,,,,
428,665,,,,,,
429,666,,,,,,
430,668,,,,,,
431,669,,,,,,
432,670,,,,,,
433,671,,,,,,
434,672,,,,,,
435,676,-0.07333428009202413,-0.13355452640726606,-0.04611627408579167,-0.12869245381229605,-0.08507734562048676,-0.4667748800178691
436,677,-0.985070634658745,-1.4005235768700017,-0.48577350479848835,-1.6323941216406346,-1.2255129133010023,-5.729274751268869
437,678,0.006866651445207038,0.003286338062710461,0.06612144563755111,-0.022154028788636697,-0.004848535229518356,0.049271871127311566
438,681,,,,,,
439,682,,,,,,
440,683,,,,,,
441,685,,,,,,
442,686,,,,,,
443,688,3.418782236053853,1.3403979265010972,1.2017916741832173,0.9222154022723076,2.507748088896211,9.390935327906668
444,689,,,,,,
445,692,,,,,,
446,693,,,,,,
447,694,,,,,,
448,702,0.02175045835993138,0.6469662361526323,-6.029029097757406,-0.6788068353052863,-2.062741673387308,-8.101860911937441
449,703,,,,,,
450,705,,,,,,
451,706,,,,,,
452,707,,,,,,
453,708,-0.45441773961950493,-0.47897667987802234,-0.41450331789328543,-0.4365351707025581,-0.3492831878219474,-1.907347507304553
454,709,,,,,,
455,710,,,,,,
456,713,,,,,,
457,714,-2.2484237861751706,-3.1874436271130255,-2.3546375381802234,-3.535777832173196,-1.047253203958871,-16.52112645757566
458,715,,,,,,
459,718,-0.034553449269612846,-0.042584324675632744,-0.002455622424018733,-0.047885034827173524,-0.030053867939032735,-0.17089942984855977
460,719,,,,,,
461,721,,,,,,
462,722,,,,,,
463,723,-1.2305831257516857,-0.958001223453333,-0.33017233026300913,-0.45846971608397524,-0.40726118329896005,-3.384487578850961
464,724,,,,,,
465,726,0.25883614045245845,0.4625821147774726,0.1833432371255268,0.23431464852196626,0.4865498172956373,2.166184805600265
466,727,,,,,,
467,731,-0.5120441898284371,-0.4344843963974955,-0.47453023498373254,-0.4754619473545913,-0.3987342072892723,-2.1369868078601577
468,732,0.06526503529922993,-0.13792904449288926,0.04379865153007932,-0.1738321792053951,-0.23347252894065873,-0.4317389239214926
469,733,,,,,,
470,735,,,,,,
471,736,,,,,,
472,737,,,,,,
473,739,,,,,,
474,740,,,,,,
475,745,-0.2058196953257545,0.11022602678139902,0.07584843028972983,-0.009082494129394518,0.5381647623484414,1.4944601171450467
476,748,-0.2913762403224583,-0.061656784899473405,-0.2824818028147832,-0.12656616350681013,-0.951128497586555,-0.9442488207780018
477,749,,,,,,
478,751,,,,,,
479,753,,,,,,
480,756,,,,,,
481,757,,,,,,
482,758,0.7138132542334336,-0.005785378198293087,0.8312711254349624,0.022149646231115705,-0.4359989316135965,1.1254497160876193
483,759,-0.5346290506491874,-0.05255657668946546,-0.5225796840505522,-0.16455863108214053,-0.5845663088265609,-1.8588902512978978
484,760,,,,,,
485,761,,,,,,
486,762,,,,,,
487,765,,,,,,
488,766,-1.0708974199180281,-0.587961023126494,-1.2864070219986616,-0.7653188869577208,-0.28115746284621934,-3.991741814847127
489,767,0.41013665138364996,-0.45110029167370425,-0.029732098397644086,-0.5045428895254103,1.8936137947385732,1.3183751665254644
490,769,,,,,,
491,770,,,,,,
492,771,,,,,,
493,773,,,,,,
494,775,,,,,,
495,776,,,,,,
496,777,,,,,,
497,778,,,,,,
498,779,,,,,,
499,780,,,,,,
500,781,,,,,,
501,786,,,,,,
502,787,,,,,,
503,788,-1.6942772459834834,-0.8263873110734878,-0.38981594820954624,-0.3645117729620836,-1.4840908793741172,-4.75908315760271
504,789,,,,,,
505,790,,,,,,
506,791,,,,,,
507,792,,,,,,
508,795,,,,,,
509,796,,,,,,
510,799,3.158917839950954,0.11120300307067944,3.3137035498806378,0.7088366535483027,2.496515825208812,9.78917687165935
511,800,,,,,,
512,801,,,,,,
513,802,,,,,,
514,804,,,,,,
515,809,,,,,,
516,810,-0.2634924375059306,0.1009356295763578,-0.19578064147976013,-0.08622499062377709,-0.11908844360041643,-0.5636508836335259
517,811,,,,,,
518,812,,,,,,
519,815,,,,,,
520,816,1.1383234948005283,-0.9228852337471432,0.11823721020185275,-1.695048207363203,-2.277530844184996,-3.638903580292954
521,817,-0.661881481009495,0.013052306998124371,-0.6812518946382828,0.24226369767289319,-0.28474082107424786,-1.3725581920510117
522,819,-0.1968413656939778,-0.4395445241687395,-0.6385991975617705,-0.35693608582151454,-0.37960770758201523,-2.0115288808280187
523,823,-0.5293198383296182,-0.32150762465980987,-0.3790738216820812,-0.5000294254792065,-0.2874558518777059,-2.0173865620284235
524,824,-1.0753974290923254,-0.8541974755168931,-0.9451867601704456,-0.7809379169151984,-0.6065112519254194,-4.486929118329447
525,827,,,,,,
526,830,,,,,,
527,834,,,,,,
528,835,,,,,,
529,839,,,,,,
530,847,,,,,,
531,848,,,,,,
532,851,,,,,,
533,852,,,,,,
534,853,0,0,0,0,0,0
535,855,,,,,,
536,856,-0.9697848032065358,-1.4956597641847742,2.5847817814700393,-0.4786297624491142,-1.6420830966363396,-2.001375645006683
537,858,-0.35799737434142515,0.1633175837180215,-0.3379707047826551,0.1293582082551632,0.1588958186961264,-0.24439646845476612
538,859,,,,,,
539,861,0,0,0,0,0,0
540,863,,,,,,
541,864,,,,,,
542,869,,,,,,
543,870,,,,,,
544,871,,,,,,
545,873,-0.8588808896928696,-2.8918264018060524,-1.3318454022600987,-0.4484611724804612,-0.8188677438808809,-6.349881610120367
546,875,,,,,,
547,878,,,,,,
548,879,,,,,,
549,882,1.2964507172057984,0.803596472351366,1.618985910165798,1.522653721075494,1.3567849083451706,6.5984717291436334
550,883,0.3690618791989964,-0.07368960630285003,0.5147812591265852,-0.11759687860368426,0.8954040877432986,1.5879607411623358
551,884,,,,,,
552,885,,,,,,
553,890,,,,,,
554,891,,,,,,
555,892,,,,,,
556,893,-0.02094240461809172,-1.1516915326653192,-1.703647822247015,-0.8394510364898033,0.736696952579656,-4.539298113228196
557,894,-1.1377660395202525,-1.4602399588867805,-0.18157750181961282,-0.4431011426570987,-0.6820069575034692,-3.904691600387225
558,901,,,,,,
559,902,-0.5082382638822702,-0.27378844699837157,-1.1329496137288768,0.026768951634011693,1.1142348824660737,-0.7739724905094446
560,903,,,,,,
561,904,,,,,,
562,905,,,,,,
563,909,,,,,,
564,910,-0.24550904712205837,-0.049897405851952875,0.15819766370628371,-0.2271414949864568,-0.5822330528570548,-0.9465833371112479
565,911,-0.3099518498381241,-0.2881314917132029,-0.4880160212650375,-0.3069342062463112,-0.07308554172972646,-1.4661191107923994
566,912,,,,,,
567,913,0.39083081755552357,-0.033753962046719634,0.742325098459158,0.2910722908676705,0.26081410717972503,1.6512883520153656
568,914,,,,,,
569,915,-1.000779676501617,-0.6795969593211256,-0.8895229667646228,-0.8322227777643075,-2.107314853243334,-5.50943723359501
570,916,,,,,,
571,917,,,,,,
572,918,-3.8787908228105135,-2.987842961376935,0.7221053581727301,-1.1401014725218688,-4.878758056317986,-42.67136761502024
573,920,,,,,,
574,921,,,,,,
575,922,,,,,,
576,925,,,,,,
577,926,,,,,,
578,927,-0.13435421923962243,0.17237697742808955,0.2821603925560148,0.23801632572230366,0.2003215174124805,0.587861609345927
579,928,,,,,,
580,930,,,,,,
581,933,,,,,,
582,936,,,,,,
583,939,,,,,,
584,941,-0.4845854013277542,-0.4462454686296805,-0.25030483995193953,-0.45233968066198876,-0.5769895424886589,-2.2104649330600257
585,942,-0.364576626237882,0.09191361064513848,-0.20656263930058053,0.104725960784576,-0.06506805676301242,-0.43956775087176986
586,944,,,,,,
587,945,,,,,,
588,947,,,,,,
589,948,,,,,,
590,950,,,,,,
591,951,,,,,,
592,954,,,,,,
593,956,,,,,,
594,958,,,,,,
595,960,,,,,,
596,963,,,,,,
597,964,,,,,,
598,965,0,0,0,0,0,0
599,966,-0.034056120201661835,-0.2313940847807938,-0.05117806303265341,-0.2930035314220817,-0.1550542944135266,-0.6613459117082585
600,967,-0.19663128070815925,-0.20679026828130814,-0.22675344588051233,-0.2357893252516162,-0.2769625170938718,-1.1429268372154682
601,968,,,,,,
602,970,,,,,,
603,973,,,,,,
604,975,,,,,,
605,976,-0.36197057797601695,-0.7452166514964007,-0.3462833891203369,-0.6766402014309061,-0.16243678216491253,-2.2925476021885762
606,977,-0.4275152246945543,-1.294760497596661,-0.4420904064508692,-1.4950576788943266,-1.1898045030149593,-5.038230075628211
607,979,,,,,,
608,982,-0.1139619621005261,0.3733653153889519,-0.349721255118854,0.3905570685926166,-0.00350818423922547,0.29673098252295954
609,983,,,,,,
610,989,,,,,,
611,990,,,,,,
612,991,,,,,,
613,992,,,,,,
614,993,,,,,,
615,995,0,0,0,0,0,0
616,996,0.018201644355041527,-0.6630721144074793,0.010897234775609367,-0.3133348319421251,0.07372802988552112,0.22147814993353163
617,1000,,,,,,
618,1001,,,,,,
619,1003,,,,,,
620,1005,-0.1217382815598453,-0.5369519323948337,-0.21007045754525927,-0.6611876506318894,-0.8834927572576003,-2.4134410793894285
621,1007,-0.44353228077627305,-0.5605157459368789,-0.47342147672601864,-0.7141536842214508,-0.4834067446315321,-2.6750299322921505
622,1008,,,,,,
623,1009,,,,,,
624,1010,,,,,,
625,1011,,,,,,
626,1012,,,,,,
627,1013,,,,,,
628,1014,0.15649352045117307,0.002268422639994435,-0.0036805541835603227,-0.09123462112844784,0.3505797761391829,0.4144265439183314
629,1017,,,,,,
630,1018,-0.2697631652701224,-0.962142689834468,-0.6474728521139191,-0.7076131180835682,-1.61213700206734,-5.1685285546185735
631,1019,,,,,,
632,1022,,,,,,
633,1024,0.9478647539578507,-0.19011063078330906,0.9059502237431337,-0.24392573315604468,0.31467948811876356,3.9501697981527792
634,1025,0.6109256704162549,-0.15927576163478738,1.0321696639781688,-0.23950708382984137,2.042343748413503,3.2866562373432977
635,1026,,,,,,
636,1027,0,0,0,0,0,0
637,1030,,,,,,
638,1032,-0.10819686404117386,-0.12096484609030178,-0.0920010776990032,-0.10478439266453568,-0.05821771573126291,-0.42687867584144684
639,1034,,,,,,
640,1035,9.71223840497175,-0.6585375911008725,14.311583909583335,-1.7076594179659284,-4.522332805760937,63.01529674902014
641,1037,,,,,,
642,1038,,,,,,
643,1039,-1.6622562221404917,-0.20100360522177105,-1.5270610085607994,-0.19987587870082127,-0.24300882426330384,-3.8332055388871873
644,1041,,,,,,
645,1043,,,,,,
646,1048,,,,,,
647,1049,-0.9051197570648153,-0.10439812724130201,-1.1378750430973874,-0.09306633274044586,-0.023760099760379995,-2.2642193599043265
648,1050,-1.1759054511052713,-1.5422389797836706,-0.040557352094468944,-0.06055123943728864,-1.5762115927225175,-4.395464615143206
649,1051,-0.3960996080431761,-0.6927043896736462,-0.00828024590625866,-0.8243043777019629,0.16564000516139243,-2.6794252854507916
650,1054,0.03258579952733855,-0.021790840584967466,0.09273360866311575,-0.0038895192276716985,-0.021757945854282205,0.07788110252352946
651,1059,,,,,,
652,1062,-0.7565088477221301,-0.10221217638080703,-0.9018896020607274,-0.1667459504974356,-0.6797373609843453,-2.607093937645447
653,1063,-0.21970051411106706,-0.6023628783551687,-0.06199785820437095,-0.42258680857966513,0.23353725085560662,-1.0731108083946597
654,1064,-0.36951678395681364,-0.4155174519611785,-0.5357205943878394,-0.28147523782971184,0.5102226192673529,-1.092007448868197
655,1065,-0.4953463182183882,-0.29430573304662944,-0.611348434189069,-0.3219302179232607,-0.19234041524088094,-1.7526312316226396
656,1067,,,,,,
657,1068,,,,,,
658,1069,,,,,,
659,1070,-0.7484840252104706,-1.8583893061955663,-0.33934225368085,-0.9047363421147007,-1.5603959362010196,-5.411347863402607
660,1071,,,,,,
661,1073,,,,,,
662,1074,-0.2587462415561888,-0.5761248849305515,-0.33702038557718417,-0.7308540635256605,-0.5802786764133617,-2.5415616333673094
663,1075,,,,,,
664,1076,-1.6392949419276373,-0.7225671081874574,-1.2285428878420501,-0.7126816480403919,-0.49084633445371734,-4.793932920451253
665,1077,-0.4150798533937422,-0.6555593882287406,-0.3646836709179465,-0.6819615580072373,-0.32479455730764284,-2.4420790278553115
666,1078,,,,,,
667,1079,,,,,,
668,1081,,,,,,
669,1082,0.1266626246663547,0.1553924565751642,0.17157827283425311,0.06996669168623208,-0.061900593202069726,0.46169945255993894
670,1083,,,,,,
671,1084,,,,,,
672,1087,,,,,,
673,1089,0.43417594799326326,0.07717039795442823,-0.9135517864321252,-0.5785430109103796,-0.669189917102962,-1.6499383684977795
674,1090,-0.35695649666301055,-0.055066783691087466,-0.5740112364447889,0.1070305440355493,0.9960513303375164,0.11704735757417065
675,1092,0.14132620587608427,0.19548956557988095,0.10853764113594234,0.10478435254753658,0.07261090322087413,0.6227486683603218
676,1093,,,,,,
677,1096,,,,,,
678,1097,,,,,,
679,1098,,,,,,
680,1099,-0.4575187632480207,0.033277862654814486,-0.08522767374370332,0.08794560260216525,-0.3446215933956395,-0.7661445651303924
681,1100,-0.4059825852830556,-0.3093074503159035,1.6058165176952832,0.10994584651274515,-0.12434986372744812,0.8761224648816169
682,1101,,,,,,
683,1102,,,,,,
684,1103,0.451443230563536,-0.04609321013226346,0.23723192713253574,-0.5303299552674037,-0.131191607517307,-0.018939615220909745
685,1105,,,,,,
686,1107,-0.3416055268474668,1.1029457640599107,-0.13861070874728848,1.1103617807035042,1.665514658185445,3.3986059673541047
687,1108,0.07013623902578706,-0.06376748477777233,0.22458365420678097,-0.05444295170809441,-0.1465564917889495,0.16084801147325034
688,1109,,,,,,
689,1110,,,,,,
690,1111,,,,,,
691,1114,,,,,,
692,1115,-1.0036446141340414,-0.7048566968268134,-1.185871191940022,-0.6561897009310079,-1.0713649911910808,-4.621927195022973
693,1116,-0.15865168825240591,-0.7467350345195992,-0.6526050907540967,-0.5755388404585241,-0.6320401603842957,-2.7655708143689184
694,1117,,,,,,
695,1121,,,,,,
696,1122,-0.8234431702625958,-0.5451094705124042,-0.8526399037916982,-0.6099742110595834,-0.29202092986005473,-3.1231876854863354
697,1123,,,,,,
698,1124,-0.5671411511463367,0.17331009651697402,-0.7496031138794519,-0.11195015993764705,-0.4014972481773727,-0.8306589585942766
699,1125,-2.8672347297378318,-0.8266250543061548,-2.1605465743087233,-1.590549707782579,-1.4916347891086534,-8.936590855243953
700,1128,-1.4741296119607217,-1.7241801786630324,-1.2001541095328176,-1.3160432748052346,-0.6279860590412849,-6.342493234003096
701,1129,-2.262047217452058,-0.2607396609437433,-6.484376035397224,-2.379897149578249,-6.179670396872546,-17.566730460243814
702,1130,,,,,,
703,1134,-1.2506425395125387,-0.25162293602427116,-0.8479030715908932,-0.3931722468470495,-0.3610565241484464,-3.1220878986884055
704,1135,1.9792163444399202,0.6684021364859234,1.4729316283813223,0.2706343331136875,0.39380394609283487,4.78498838851369
705,1138,,,,,,
706,1140,-0.6595311346763312,-1.3957958535795316,-0.5550102671996642,-1.5501426562463967,-1.2513194535175098,-5.4117993652194265
707,1141,,,,,,
708,1145,,,,,,
709,1147,,,,,,
710,1148,,,,,,
711,1149,,,,,,
712,1152,,,,,,
713,1153,,,,,,
714,1154,-0.09709136116726168,-0.07397831657730701,-0.13640915038687393,-0.05279053015926194,-0.11367272635907588,-0.47394208464978477
715,1155,0,0,0,0,0,0
716,1158,,,,,,
717,1161,,,,,,
718,1163,,,,,,
719,1164,,,,,,
720,1167,,,,,,
721,1168,-2.1680791380502296,-1.1316263900809413,-2.2247141164554867,-0.9938701777658524,-1.1920126928051071,-7.710302515157596
722,1172,,,,,,
723,1175,,,,,,
724,1176,0.08886438159379736,-0.07571278215823952,0.020493331197699607,0.017410096919162517,-0.06394743617714191,0.4517336485103671
725,1178,,,,,,
726,1180,,,,,,
727,1184,0,0,0,0,0,0
728,1185,,,,,,
729,1189,,,,,,
730,1191,,,,,,
731,1194,,,,,,
732,1197,,,,,,
733,1198,,,,,,
734,1199,,,,,,
735,1201,,,,,,
736,1202,,,,,,
737,1204,-0.25921364208101977,-0.13474781218835313,-0.23160866652558942,-0.2045564001399803,-0.1981741165723918,-0.958657718809629
738,1208,,,,,,
739,1214,-0.0917338654784663,-3.0021961458295046E-4,-0.3255647333453429,-0.10509199925866268,-0.012789666350771552,-0.5354804840478287
740,1217,,,,,,
741,1218,,,,,,
742,1220,2.2359185114532312E-4,0.12905309447510743,-1.1455000298654592,-0.05586287272302676,-0.6170643540203951,-1.6891505702826368
743,1223,-0.5032307007533288,-0.42233758938075344,-0.7160397319112007,-0.5363569569270203,0.013713195232935535,-2.164251783739361
744,1227,1.021620937586636,-0.27547634967403506,1.3219109861508684,0.08839350131509563,-0.7373293041347561,1.4191197712437993
745,1230,1.6143368563584846,-0.44574021128466734,0.5020792445719677,0.00326038651596677,-0.4801698601572425,6.272218337926919
746,1234,-0.5594153979696693,-0.8430402624751261,-0.410272697471024,-0.7171625787529866,0.05525598160342055,-1.7339243530737072
747,1235,,,,,,
748,1237,-0.05013857840212936,-0.2944882059570552,0.09053011865741786,-0.20042313927213382,0.07329378997137434,-0.3812260150025287
749,1239,,,,,,
750,1240,,,,,,
751,1241,,,,,,
752,1242,,,,,,
753,1246,,,,,,
754,1247,,,,,,
755,1250,,,,,,
756,1252,,,,,,
757,1253,-1.0251296128643563,-0.41023427142230745,-0.9178127315587333,-0.17167443010940617,-0.8187378425358547,-3.3435888884906713
758,1254,0.002509947861377894,0.07035785356499327,0.07578397588257271,0.052489030711666086,-0.22523740984241322,-0.024096601821807628
759,1256,-1.770386605394268,-0.6555963951039946,-1.3115460620395958,-0.6291023434297005,0.18523753130245718,-4.181393874665113
760,1258,,,,,,
761,1259,,,,,,
762,1264,-0.732946472640468,-0.19649690944245793,-0.15045160663832657,-0.8243655569783858,0.40828851617128914,-0.6966178612585656
763,1265,,,,,,
764,1266,,,,,,
765,1267,,,,,,
766,1268,,,,,,
767,1269,,,,,,
768,1270,,,,,,
769,1271,-0.021049852591956946,-0.040834589566048664,-0.062206188850647465,-0.025086789359360193,-0.06950469022090859,-0.2186821105889264
770,1272,,,,,,
771,1273,-0.6436361720943792,-0.4143260220565513,-0.5216643533326222,0.16026994270948014,-1.4481928428568072,-2.867549447630899
772,1274,,,,,,
773,1276,,,,,,
774,1278,,,,,,
775,1281,,,,,,
776,1282,,,,,,
777,1283,,,,,,
778,1284,-0.885741287206451,-0.43770021512361706,-0.8298792807096323,-0.6048856910386974,-0.8263758317787334,-3.584582305857129
779,1286,0.23159310066605088,0.30371785369586596,0.43361962538620236,0.3556926948903405,0.28340461733378347,1.6080278919722462
780,1287,0.1599522609081451,0.19521764704819547,0.06322360385168783,0.3669213881528315,0.328954239949967,1.1142691399108193
781,1288,,,,,,
782,1289,,,,,,
783,1290,,,,,,
784,1292,,,,,,
785,1294,-0.14251982003627475,-0.07502043717163576,-0.02024598235911434,-0.09025507629419782,0.1642911256843283,-0.16375019017689435
786,1296,,,,,,
787,1297,-0.0424392366413403,-0.1335363435142352,-0.08990303096059134,0.047080417364698264,-0.19431948991341366,-0.41311768366488344
788,1298,,,,,,
789,1300,,,,,,
790,1301,,,,,,
791,1304,,,,,,
792,1307,,,,,,
793,1308,-0.8778487783826289,0.06184421858726069,-0.7597753256781241,0.009783322841006921,0.17443999077627614,-1.391556571856211
794,1309,,,,,,
795,1310,,,,,,
796,1311,,,,,,
797,1312,0.03559417673517575,0.1463818626078093,0.10139969527622629,0.0854391429508755,0.19943373847422047,0.5682486160443062
798,1313,-0.3338136598852838,-0.4377281038510886,-0.3720135626137484,-0.49684213679224554,-0.4221238119750976,-2.0625212751174677
799,1314,,,,,,
800,1319,,,,,,
801,1320,0.4820345333312247,0.14150826039831915,0.28739798837413205,0.04314019269868675,0.301711529728335,1.028455893825578
802,1322,,,,,,
803,1323,,,,,,
804,1328,,,,,,
805,1329,,,,,,
806,1330,,,,,,
807,1331,-1.4082736440667742,-1.6192020668368514,-1.1520373186526958,-0.857481760967958,-1.3856955252711607,-6.422690315795443
808,1336,,,,,,
809,1337,,,,,,
810,1338,,,,,,
811,1339,,,,,,
812,1340,-0.038826043816775846,-0.0546674363028088,-0.05356106421306006,-0.04439886057920996,-0.07096309003405989,-0.262416494945915
813,1341,-0.770855992671181,-1.2950958392261869,-0.4935442252209019,-1.803672268888638,-2.5685761919016987,-6.931744517908614
814,1342,5.841023650219109,2.7681801260758436,6.180734448294277,2.3811925179362055,3.2406636291400424,20.411794371665497
815,1343,,,,,,
816,1344,,,,,,
817,1347,,,,,,
818,1348,,,,,,
819,1349,,,,,,
820,1351,,,,,,
821,1352,-0.11845309971412961,-0.22463624402891835,-0.10115172891419011,-0.2302828090069194,-0.14241745191164953,-0.8144069036937898
822,1353,,,,,,
823,1354,-0.8557485363800396,-1.6484571042844336,1.390129844878753,-1.3135036043353914,-0.23598131598438257,-2.663560716105485
824,1356,,,,,,
825,1357,-0.8305391335172095,-0.28526274088445447,-0.7605905926548475,-0.37523366708771855,-0.27747348560203305,-2.7295666254273807
826,1358,,,,,,
827,1362,,,,,,
828,1363,,,,,,
829,1364,-0.9576231804135096,-0.6132151980932905,-1.5040347535862153,-0.5902584245307146,-0.7953618602176041,-4.460493416841341
830,1365,-0.5002610433468747,0.36583236944749115,-0.2953954447912883,0.30503545248402786,0.03999385026652353,-0.08479481594012507
831,1366,,,,,,
832,1367,,,,,,
833,1368,,,,,,
834,1370,,,,,,
835,1371,,,,,,
836,1374,,,,,,
837,1376,-0.6042086519871696,-0.25904342205914876,-0.39380818536899354,-0.27394846859360233,-0.424994526926813,-1.9560032549357254
838,1379,,,,,,
839,1381,,,,,,
840,1382,,,,,,
841,1383,-0.24412991110761362,-0.29014825184823295,-0.18187461925367482,-0.2595065697434763,-0.43411289732209596,-1.4097722492750948
842,1385,0,0,0,0,0,0
843,1387,1.4509575505811338,0.7732077613623244,1.0809510049199624,0.5758680509645049,0.6231480249972724,4.504132392825238
844,1388,,,,,,
845,1389,-0.21223386841797862,-0.23814582360102476,-0.10332607781954425,-0.11988210608343608,-0.3036764625992578,-0.9772643385212392
846,1390,2.3431154679756903,2.42073846503954,-0.7559112051024526,1.7536860621662729,1.3914410624015916,8.768176863460479
847,1395,-0.7097932413079394,-0.31277148763096735,-0.42084069780081057,-0.1965023181240865,0.21258301009933037,-1.4273247347644733
848,1396,-0.749624199649437,-0.6417070688706537,-0.28654485297503757,-0.48115848568772773,-0.208462118140298,-2.367496725323151
849,1397,,,,,,
850,1399,-3.3706362691271647,-1.0434064450970137,-3.873106126379475,-1.8252378302440728,-2.507762958680473,-12.62014962952819
851,1401,,,,,,
852,1402,,,,,,
853,1404,-0.5001720618845795,-0.04585776203202089,-0.5584901938612872,-0.05012116395221834,-0.2577882588922652,-1.4124294406223703
854,1406,0,0,0,0,0,0
855,1408,,,,,,
856,1409,-0.363860134485927,-0.3166107518635788,-0.26349150517731407,-0.33932377963611965,-0.2837003248152985,-1.5669864959782391
857,1411,,,,,,
858,1414,,,,,,
859,1417,0,0,0,0,0,0
860,1418,0,0,0,0,0,0
861,1419,,,,,,
862,1420,,,,,,
863,1421,,,,,,
864,1422,-0.2922117971234529,-0.6620502121944793,-0.3314532262418134,-0.537231992978695,-0.5030169406880591,-2.3259641692265016
865,1424,,,,,,
866,1426,,,,,,
867,1428,-0.2674128863374553,-0.012982394441835812,-0.5079599315504104,-0.1388757305671803,-0.1275693158855912,-1.054800258782471
868,1429,-1.958285797958686,-2.788807522654089,-1.4256641443467624,-0.6801542085337412,-2.1308746278699444,-12.804982484895564
869,1431,,,,,,
870,1432,,,,,,
871,1434,,,,,,
872,1435,,,,,,
873,1437,,,,,,
874,1438,,,,,,
875,1440,,,,,,
876,1442,,,,,,
877,1443,,,,,,
878,1444,0.24356666579255565,-0.24223433343433046,-0.18263114911217823,-0.5307838558436817,-0.19298968430878685,-0.905072356906415
879,1446,-1.4427167084860222,-1.3781410308347868,-1.3281182763387473,-1.1169360320944923,-0.5915210038617738,-5.857433051615816
880,1447,,,,,,
881,1448,,,,,,
882,1449,-0.08607572010578786,1.9781672113289976,-0.43368623668516476,1.6434408445558442,-0.6554758880458259,2.446370211047951
883,1450,,,,,,
884,1452,-1.9816874686276664,-0.981557727481873,-0.9906461465339441,-0.5202539026036317,0.19649176564122045,-2.355720794082645
885,1453,,,,,,
886,1454,,,,,,
887,1458,,,,,,
888,1460,,,,,,
889,1461,3.5039706779826356,0.6089867865822051,2.996740623834033,0.6809005928397122,-0.02073108593934321,7.769867595299242
890,1462,0,0,0,0,0,0
891,1463,0.29933175710148263,-0.35632209352479566,2.2274824083520315,-0.29870051139442994,2.122979066222687,3.994770626756999
892,1464,,,,,,
893,1465,,,,,,
894,1467,,,,,,
895,1468,,,,,,
896,1469,-1.350702826669635,0.37897511848716114,-1.3478305074198729,1.148165071078966,-0.45311615943441164,-1.6245093039577148
897,1470,,,,,,
898,1471,0.12609178264477183,-0.07446266502274818,0.19917545338075923,-0.0728757766897047,0.1560601641484326,0.33398895846150883
899,1473,,,,,,
900,1475,,,,,,
901,1476,,,,,,
902,1477,,,,,,
903,1478,0.2633430974073546,-0.2972217762186524,0.1894028317317406,-0.18721701300875068,-0.3270447147632569,-0.3587375748515803
904,1479,-7.553235168295727,-6.0505440384615214,-22.067704208449136,-6.079683629203634,-3.789942762049241,-45.541109806459396
905,1480,-0.4024000948568466,-0.39341288917345757,-0.6408386334407703,-0.49785846672381145,-0.7097332936718952,-2.6442433778667795
906,1481,,,,,,
907,1484,,,,,,
908,1487,0.5653876326204568,-0.8874654411082056,0.9780168685583861,-1.1564355051794295,0.4507519290621342,-0.0497445160466432
909,1488,,,,,,
910,1489,,,,,,
911,1491,,,,,,
912,1492,,,,,,
913,1493,,,,,,
914,1494,2.150201375658876,0.5057273860523496,1.153190928787246,0.5192314772606919,0.3951394154169481,4.723490583176112
915,1495,-1.5400721301025628,-1.761763685951228,-1.777599911618742,-2.07075642725952,-1.035504232443122,-8.185696387375174
916,1498,,,,,,
917,1500,,,,,,
918,1501,,,,,,
919,1502,-3.1430881730487776,-0.4549645110218019,-0.750249475962062,-0.3476684188080819,-3.536815466956145,-8.232786045796885
920,1503,-1.8020910584360357,-0.7925756446782066,-0.4803155118942612,0.4670653652686036,-1.1679129460022568,-3.7758297957421667
921,1505,,,,,,
922,1508,,,,,,
923,1511,,,,,,
924,1513,,,,,,
925,1514,,,,,,
926,1515,,,,,,
927,1516,,,,,,
928,1517,,,,,,
929,1518,,,,,,
930,1520,,,,,,
931,1521,,,,,,
932,1523,,,,,,
933,1526,,,,,,
934,1527,,,,,,
935,1530,,,,,,
936,1531,,,,,,
937,1532,,,,,,
938,1533,-0.3621339692359513,-0.8044763629814272,-0.3351136043316801,-0.4075216871647137,-0.8657397206772236,-2.7749853443909966
939,1535,,,,,,
940,1536,,,,,,
941,1538,,,,,,
942,1539,,,,,,
943,1542,,,,,,
944,1543,,,,,,
945,1544,,,,,,
946,1545,,,,,,
947,1546,,,,,,
948,1550,,,,,,
949,1551,,,,,,
950,1553,,,,,,
951,1556,,,,,,
952,1558,,,,,,
953,1559,,,,,,
954,1560,,,,,,
955,1563,,,,,,
956,1564,,,,,,
957,1565,,,,,,
958,1566,,,,,,
959,1567,,,,,,
960,1571,,,,,,
961,1572,,,,,,
962,1573,,,,,,
963,1574,,,,,,
964,1575,,,,,,
965,1579,,,,,,
966,1580,,,,,,
967,1584,0,0,0,0,0,0
968,1586,0,0,0,0,0,0
969,1589,,,,,,
970,1591,,,,,,
971,1592,-0.9069164230376886,-0.2618588074133274,-1.9978983571362687,0.23535715931890214,-0.006537516400933729,-5.1625910644738155
972,1599,,,,,,
973,1600,,,,,,
974,1601,,,,,,
975,1608,,,,,,
976,1609,,,,,,
977,1610,,,,,,
978,1611,,,,,,
979,1612,,,,,,
980,1615,,,,,,
981,1617,,,,,,
982,1618,,,,,,
983,1619,,,,,,
984,1620,,,,,,
985,1621,-0.9988784843849483,-0.6274258860815093,-0.2910886165253277,-0.35150395352410185,-0.7693464489176745,-3.03824338943358
986,1623,,,,,,
987,1624,,,,,,
988,1625,-0.7712803017850803,-1.3505617646475767,-0.7606403808878308,-0.8277436332315261,-0.7594787552628789,-4.469704835814888
989,1626,,,,,,
990,1627,,,,,,
991,1631,,,,,,
992,1632,,,,,,
993,1633,,,,,,
994,1634,,,,,,
995,1636,,,,,,
996,1637,,,,,,
997,1639,,,,,,
998,1640,,,,,,
999,1642,-0.5564560971833623,-0.37994966089686355,-0.5738672268252876,-0.37063225326409854,-0.38832621881315854,-2.269231456982773
1000,1643,,,,,,
1001,1644,-0.13233771645977369,-0.15486709387033498,-0.1512596447457378,-0.2889651038007869,-0.06961902819844268,-0.7970485870750781
1002,1648,,,,,,
1003,1649,,,,,,
1004,1651,-0.5194002780802908,-0.4683869701273739,-0.7471572994463446,-0.6173377782059165,0.19881102895276453,-2.1534712969071594
1005,1655,-0.44823396367648166,-0.23344924125529212,-0.552438890987519,-0.34354330884160855,-0.1057952796858182,-1.6834606844467188
1006,1656,,,,,,
1007,1658,,,,,,
1008,1659,,,,,,
1009,1662,,,,,,
1010,1663,0.30151317863547583,0.14007972821551598,0.2970293952880805,0.32941758693711454,0.8599767456494061,1.9280166347256027
1011,1664,0,0,0,0,0,0
1012,1665,,,,,,
1013,1667,-0.16988321490450883,-0.737339664498914,-0.46665369150115005,-1.0488966054708315,0.24485796994678594,-2.1779152064285947
1014,1668,,,,,,
1015,1669,-2.02036791105951,-1.9040391936303276,-1.348046407024736,-1.8086568585778353,-1.8204416699168156,-8.901552040209223
1016,1670,,,,,,
1017,1671,-0.9445713462745352,0.006422974458523336,-0.5915623605354932,0.08953667365215899,0.15673168595958048,-1.283442372739774
1018,1672,1.151707755319618,-1.66752489902973,0.9389678341296005,-0.4002771880407826,-0.4112604816452575,-0.38838697926659504
1019,1673,,,,,,
1020,1675,,,,,,
1021,1676,,,,,,
1022,1677,,,,,,
1023,1678,-0.8384944044773905,-0.5855286934124029,-0.15976331578766306,-0.4835060535237871,-1.000282137365569,-3.0675746045668117
1024,1680,,,,,,
1025,1681,0.1266247099830767,-0.8392381678840121,0.4057027047529814,-0.7155776286850908,-0.1510191203017829,-1.4820540953444015
1026,1682,-0.4104339130625058,-0.39888830668142694,0.39534720739020107,-0.12967438397810763,0.962388217752302,0.4187388214204297
1027,1684,0.16051480063473064,-0.27990418539147,0.19457043703447188,-0.30726972485980725,-0.1586251412693651,-0.39071381385143367
1028,1686,,,,,,
1029,1687,,,,,,
1030,1689,,,,,,
1031,1690,,,,,,
1032,1691,,,,,,
1033,1692,,,,,,
1034,1694,,,,,,
1035,1696,,,,,,
1036,1698,,,,,,
1037,1700,,,,,,
1038,1701,0.21664068097329275,-0.03174159459870481,0.018291929586341644,0.023650836174228577,-0.1323807588381242,0.09446109329704083
1039,1702,-0.39550433575682614,0.5304676787135624,-0.5577497853133146,0.4177993993082948,-0.32121700249617413,-0.3262040455444485
1040,1703,,,,,,
1041,1705,,,,,,
1042,1706,0.2585067833678131,0.9036009163182434,0.05693341191752573,0.6198254567075716,0.6647773069353574,2.503643875246487
1043,1707,,,,,,
1044,1708,,,,,,
1045,1712,,,,,,
1046,1713,,,,,,
1047,1714,,,,,,
1048,1715,,,,,,
1049,1718,,,,,,
1050,1719,,,,,,
1051,1720,0.07052941520137024,-0.09863759393958631,0.11467659668957707,-0.06428170370749085,0.24295988930646722,0.26524660355033736
1052,1722,,,,,,
1053,1723,,,,,,
1054,1725,,,,,,
1055,1726,,,,,,
1056,1727,,,,,,
1057,1728,-0.12095236185934284,-0.5278468481552473,0.15550751540266627,-0.06217814561844902,0.32742191258780967,-0.22804792764256007
1058,1730,,,,,,
1059,1732,,,,,,
1060,1733,,,,,,
1061,1734,,,,,,
1062,1735,,,,,,
1063,1736,,,,,,
1064,1737,,,,,,
1065,1738,,,,,,
1066,1739,,,,,,
1067,1740,1.290557357220049,0.8160969552819501,1.2523747623157506,0.9657600327663959,2.2252912778613942,6.550080385445563
1068,1741,0.04537400002176161,0.7016798671079832,-0.09544248754414009,0.5705596730028522,1.5856648856445927,2.8078359382330302
1069,1742,,,,,,
1070,1744,,,,,,
1071,1745,0.2726883500898608,0.11763291648072072,0.27314257402772335,0.10797710899343416,0.3843686648862404,1.3217067749869973
1072,1746,,,,,,
1073,1747,,,,,,
1074,1748,,,,,,
1075,1750,,,,,,
1076,1752,,,,,,
1077,1754,,,,,,
1078,1755,,,,,,
1079,1757,,,,,,
1080,1758,-0.1932816301387826,-0.2962355944022277,-0.1379563465625057,-0.2952939866965872,0.11844264091503923,-0.8043249168850689
1081,1759,,,,,,
1082,1760,,,,,,
1083,1761,,,,,,
1084,1762,,,,,,
1085,1768,,,,,,
1086,1770,,,,,,
1087,1773,,,,,,
1088,1774,,,,,,
1089,1777,,,,,,
1090,1778,,,,,,
1091,1780,,,,,,
1092,1781,,,,,,
1093,1786,,,,,,
1094,1788,,,,,,
1095,1789,,,,,,
1096,1790,,,,,,
1097,1792,,,,,,
1098,1795,,,,,,
1099,1796,,,,,,
1100,1798,,,,,,
1101,1799,-0.1894664304111299,-0.7261616152682472,-0.09967025811603678,-0.7705793818216252,-0.5355027825130739,-2.4452790469701196
1102,1800,,,,,,
1103,1801,-0.5223853548605177,-2.7420543193717037,-1.5152614898057095,-2.2421781759825024,-1.621408191047351,-8.643287531067813
1104,1802,,,,,,
1105,1803,,,,,,
1106,1804,,,,,,
1107,1805,,,,,,
1108,1806,,,,,,
1109,1807,,,,,,
1110,1810,,,,,,
1111,1811,,,,,,
1112,1812,,,,,,
1113,1816,,,,,,
1114,1817,,,,,,
1115,1818,,,,,,
1116,1824,-0.8177650793781628,-0.9619509490224262,-0.8229698871444907,-0.5540040588163923,-0.7540427925959234,-3.9107327669573912
1117,1825,,,,,,
1118,1826,,,,,,
1119,1828,,,,,,
1120,1829,0.2149419180019927,0.13958810783434222,0.669283939344086,0.23685784987695946,0.09038098578748216,1.351052800844842
1121,1830,,,,,,
1122,1831,,,,,,
1123,1834,,,,,,
1124,1835,,,,,,
1125,1836,,,,,,
1126,1837,,,,,,
1127,1838,,,,,,
1128,1840,,,,,,
1129,1843,,,,,,
1130,1844,,,,,,
1131,1847,,,,,,
1132,1849,,,,,,
1133,1851,,,,,,
1134,1853,1.4224253186117233,0.3390027783231542,1.4891045219641565,0.3157866706827234,0.6475848709201386,4.213904160501898
1135,1854,,,,,,
1136,1856,,,,,,
1137,1857,,,,,,
1138,1860,,,,,,
1139,1861,,,,,,
1140,1862,,,,,,
1141,1863,,,,,,
1142,1867,0.09402482074780324,-1.9551191817905365,-0.5952396350203348,-1.1252430962682929,0.3056840371565184,-3.27589305517482
1143,1870,1.4152024425546246,0.47186666049946147,1.6918722460154443,0.6496859050190018,0.6109006502613179,4.839527904349829
1144,1871,,,,,,
1145,1872,1.4758108694247538,0.9159341140607304,1.2588986329573417,1.0357237073845211,1.074241263131064,5.760608586958416
1146,1874,,,,,,
1147,1875,,,,,,
1148,1876,0.16406335595056595,0.19126963311265094,0.48684525369314197,0.15307744370062615,0.1435990620703015,1.1388547485272886
1149,1877,,,,,,
1150,1882,,,,,,
1151,1883,0.704932473203144,-1.5370116472755073,1.7147289669273338,-0.8132483160507125,-0.9606101920183546,-0.8912087152140877
1152,1885,,,,,,
1153,1886,1.304477909720902,0.15415890036284105,1.103855107715598,0.1849845734403843,0.008421253626609209,2.7558977448663344
1154,1888,,,,,,
1155,1891,,,,,,
1156,1892,-0.2963133040055286,-0.1309080609225734,-0.19495376315310667,-0.053696839318393925,0.37967718574742104,-0.2961947816521652
1157,1893,,,,,,
1158,1894,,,,,,
1159,1896,1.0439335076648177,0.060996604022921334,0.7942202343448801,0.07703585222214088,0.3102045847039572,1.1230328230680284
1160,1897,,,,,,
1161,1898,0.6605974120850929,-0.9066225558427381,-1.0852599058998749,-0.2485214360692284,-0.11515991003600694,-1.6949663957630747
1162,1900,,,,,,
1163,1901,,,,,,
1164,1903,,,,,,
1165,1908,-0.5542899786162679,0.37246392130721606,0.6049908463495632,0.17477377343390116,1.8117400100743912,2.4096785725488123
1166,1909,,,,,,
1167,1910,,,,,,
1168,1911,,,,,,
1169,1912,1.19844833353234,-0.11277196476885627,0.5175544260236502,0.2855175079493574,-0.810547464993834,1.0782008377426464
1170,1913,,,,,,
1171,1915,,,,,,
1172,1916,,,,,,
1173,1917,,,,,,
1174,1919,,,,,,
1175,1920,,,,,,
1176,1921,0,0,0,0,0,0
1177,1922,,,,,,
1178,1925,,,,,,
1179,1926,,,,,,
1180,1927,,,,,,
1181,1929,,,,,,
1182,1931,0,0,0,0,0,0
1183,1937,-0.26119253131735615,-0.9151767884288603,-0.7606501879877228,-0.7443512060347575,-1.7017747612775953,-4.383145475046288
1184,1939,-0.4444157190908402,-0.2869075282246293,-0.34801762861865193,0.03535956900610892,-0.7427088843419216,-1.786690191269939
1185,1941,,,,,,
1186,1942,-0.2697684158364373,-0.035210912613337905,-0.6249281568619988,-0.0022607118063329027,0.9707411236880115,0.03857292656986936
1187,1944,,,,,,
1188,1946,,,,,,
1189,1950,,,,,,
1190,1951,,,,,,
1191,1953,,,,,,
1192,1955,-0.9875129248025059,1.4716041704485974,-0.5352793002412144,1.7541287785849529,0.33116033849667403,2.034101062486415
1193,1956,0,0,0,0,0,0
1194,1957,-0.9419122998175966,0.24580149052853237,-0.6097181732202708,0.15661169159932342,-0.38950580635403576,-1.538723097264046
1195,1959,,,,,,
1196,1960,,,,,,
1197,1961,,,,,,
1198,1962,,,,,,
1199,1964,,,,,,
1200,1965,0,0,0,0,0,0
1201,1966,,,,,,
1202,1968,,,,,,
1203,1969,,,,,,
1204,1970,,,,,,
1205,1974,,,,,,
1206,1975,,,,,,
1207,1976,,,,,,
1208,1977,,,,,,
1209,1978,,,,,,
1210,1980,,,,,,
1211,1983,,,,,,
1212,1984,,,,,,
1213,1985,,,,,,
1214,1986,2.0882409145140484,0.022074582129944273,2.8935082620864483,0.12244774825416216,2.5516408184948243,7.677912325479398
1215,1988,0.9879245572740536,-0.24157060298550526,1.0506370895569033,-0.02217715127057709,0.5327433855727788,2.3075572781476774
1216,1989,,,,,,
1217,1990,,,,,,
1218,1991,,,,,,
1219,1992,,,,,,
1220,1993,,,,,,
1221,1994,,,,,,
1222,1995,,,,,,
1223,1996,1.3550032238625263,0.5975211508893297,1.7466540884246669,0.7835342873479171,0.9492330892343481,5.4319458397587725
1224,1997,,,,,,
1225,1998,-0.4330066840131494,1.564176520208558,1.0736614018202084,1.6290025223294888,0.7729512018676169,4.606784962212742
1226,1999,,,,,,
1227,2000,0,0,0,0,0,0
1228,2001,,,,,,
1229,2002,,,,,,
1230,2003,,,,,,
1231,2004,,,,,,
1232,2005,-0.44518799116657787,0.354273768121406,-0.5357613697768754,0.5980220362051252,0.5634375028748408,0.5347839462579337
1233,2006,,,,,,
1234,2007,,,,,,
1235,2008,,,,,,
1236,2009,0.15820423802398256,1.3704080223080337,-1.4160661553869565,0.5446018850483739,1.9933657670302427,2.6505137570236363
1237,2010,,,,,,
1238,2011,,,,,,
1239,2012,,,,,,
1240,2013,,,,,,
1241,2014,,,,,,
1242,2015,,,,,,
1243,2016,,,,,,
1244,2017,,,,,,
1245,2018,-0.2575684815594776,0.4199736114037837,-0.6293745048885061,0.8337017000782755,-1.271373112218956,-0.9046407871848868
1246,2019,,,,,,
1247,2020,,,,,,
1248,2021,,,,,,
1249,2022,,,,,,
1250,2023,,,,,,
1251,2024,,,,,,
1252,2025,,,,,,
1253,2026,,,,,,
1254,2027,5.070011971509963,-2.1028871004900678,3.7841163776271123,-0.07449660966284555,-1.190824288034208,5.485920350949997
1255,2028,,,,,,
1256,2029,0.6120592424347923,1.1294615933073537,0.5719625746750452,0.795089455091332,1.4929983498473838,4.6015712153559685
1257,2030,,,,,,
1258,2031,,,,,,
1259,2032,,,,,,
1260,2033,,,,,,
1261,2034,,,,,,
1262,2035,,,,,,
1263,2036,,,,,,
1264,2037,,,,,,
1265,2038,,,,,,
1266,2039,,,,,,
1267,2040,,,,,,
1268,2041,,,,,,
1269,2042,,,,,,
1270,2043,0.2032408299783215,-5.3006813873450165,-1.8525577151899624,-6.330299696081493,3.977997228563442,-9.302300740074777
1271,2044,-1.7004169845658987,3.25595055739059,-1.3727178193505258,3.215880093809036,6.811774951353307,10.210470798636477
1272,2045,,,,,,
1273,2046,,,,,,
1274,2047,,,,,,
1275,2048,,,,,,
1276,2049,,,,,,
1277,2050,,,,,,
1278,2051,0,0,0,0,0,0
1279,2052,,,,,,
1280,2053,,,,,,
1281,2054,,,,,,
1282,2055,,,,,,
1283,2056,0,0,0,0,0,0
1284,2057,,,,,,
1285,2058,,,,,,
1286,2059,,,,,,
1287,2060,,,,,,
1288,2061,,,,,,
1289,2062,,,,,,
1290,2063,,,,,,
1291,2064,,,,,,
1292,2065,,,,,,
1293,2066,,,,,,
1294,2067,,,,,,
1295,2068,,,,,,
1296,2069,,,,,,
1297,2070,,,,,,
1298,2071,,,,,,
1299,2072,,,,,,
1300,2073,,,,,,
1301,2074,,,,,,
1302,2075,,,,,,
1303,2076,,,,,,
1304,2077,,,,,,
1305,2078,,,,,,
1306,2080,,,,,,
1307,2081,,,,,,
1308,2082,,,,,,
1309,2083,,,,,,
1310,2084,,,,,,
1311,2085,,,,,,
1312,2086,,,,,,
1313,2087,,,,,,
1314,2088,,,,,,
1315,2089,,,,,,
1316,2091,,,,,,
1317,2092,,,,,,
1318,2093,,,,,,
1319,2094,,,,,,
1320,2095,,,,,,
1321,2096,,,,,,
1322,2097,,,,,,
1323,2098,,,,,,
1324,2099,,,,,,
1325,2100,,,,,,
1326,2101,,,,,,
1327,2102,,,,,,
1328,2103,,,,,,
1329,2104,,,,,,
1330,2105,,,,,,
1331,2106,,,,,,
1332,2107,,,,,,
1333,2108,,,,,,
1334,2109,,,,,,
1335,2110,,,,,,
1336,2111,,,,,,
1337,2112,,,,,,
1338,2113,,,,,,
1339,2114,,,,,,
1340,2115,,,,,,
1341,2116,,,,,,
1342,2117,,,,,,
1343,2118,,,,,,
1344,2119,,,,,,
1345,2120,,,,,,
1346,2121,,,,,,
1347,2122,,,,,,
1348,2123,,,,,,
1349,2124,,,,,,
1350,2125,,,,,,
1351,2126,,,,,,
1352,2127,,,,,,
1353,2128,,,,,,
1354,2129,,,,,,
1355,2130,,,,,,
1356,2131,,,,,,
1357,2132,,,,,,
1358,2133,,,,,,
1359,2134,,,,,,
1360,2135,,,,,,
1361,2136,,,,,,
1362,2137,,,,,,
1363,2138,,,,,,
1364,2139,,,,,,
1365,2140,,,,,,
1366,2141,,,,,,
1367,2142,,,,,,
1368,2143,,,,,,
1369,2144,,,,,,
1370,2145,,,,,,
1371,2146,,,,,,
1372,2147,,,,,,
1373,2148,,,,,,
1374,2149,,,,,,
1375,2150,,,,,,
1376,2151,,,,,,
